lhs,rhs,rule_label,lhs_length,g3_error,extent_threshold,level,exact_comparison,discovery_kind,is_minimal,g3_mode,total_pairs,antecedent_pairs,valid_pairs,violations,support,confidence,violation_rate,baseline_confidence,baseline_confidence_std,lift
"station, PM10, NO2, O3, TEMP",WSPM,"station, PM10, NO2, O3, TEMP -> WSPM",5,0.09188544152744631,0.1,6,False,candidate,True,greedy,1403650,2263,2034,229,0.001612225269832223,0.898806893504198,0.10119310649580204,0.7729562527618205,0.010215497131890506,1.1628172879030416
"PM2.5, PM10, NO2, O3, TEMP",WSPM,"PM2.5, PM10, NO2, O3, TEMP -> WSPM",5,0.07398568019093078,0.1,6,False,candidate,True,greedy,1403650,1777,1579,198,0.0012659851102482813,0.8885762521102982,0.11142374788970177,0.7691052335396737,0.01511135100404142,1.155337674690861
"station, PM2.5, NO2, O3, TEMP",WSPM,"station, PM2.5, NO2, O3, TEMP -> WSPM",5,0.08651551312649165,0.1,6,False,candidate,True,greedy,1403650,1932,1714,218,0.0013764114985929542,0.8871635610766045,0.11283643892339545,0.7704623878536923,0.01275627625749845,1.1514690075241847
"station, PM2.5, PM10, O3, TEMP",WSPM,"station, PM2.5, PM10, O3, TEMP -> WSPM",5,0.081145584725537,0.1,6,False,candidate,True,greedy,1403650,1788,1586,202,0.0012738218216791935,0.8870246085011185,0.11297539149888147,0.7734153616703953,0.013139989882359808,1.1468929277346573
time_slot,WSPM,time_slot -> WSPM,1,0.04653937947494036,0.1,2,False,candidate,True,greedy,1403650,350284,300522,49762,0.24955223880597016,0.8579381302029211,0.1420618697970789,0.7706708461324715,0.0004727235792622876,1.1132354811504692
