,hour,PM2.5,PM10,NO2,O3,TEMP,DEWP,WSPM
hour,1.0,0.02559849626167997,0.064513125270205,0.06859153361794182,0.23418226434169698,0.12329337900504586,0.0018671375443379467,0.02914590312395434
PM2.5,0.02559849626167997,1.0,0.911906667725103,0.7715866823670678,-0.19992026486969974,0.054254358354285895,0.3158105430724227,-0.32608846605603165
PM10,0.064513125270205,0.911906667725103,1.0,0.7801286015895394,-0.1943256305850362,0.040017759809737104,0.2627811220588797,-0.2507854046591864
NO2,0.06859153361794182,0.7715866823670678,0.7801286015895394,1.0,-0.4858525763194538,-0.053063380416024195,0.2528278310254082,-0.44087877789864494
O3,0.23418226434169698,-0.19992026486969974,-0.1943256305850362,-0.4858525763194538,1.0,0.43579558873967444,0.15944466523512055,0.26423104858847307
TEMP,0.12329337900504586,0.054254358354285895,0.040017759809737104,-0.053063380416024195,0.43579558873967444,1.0,0.8250810765810281,-0.08078167958065113
DEWP,0.0018671375443379467,0.3158105430724227,0.2627811220588797,0.2528278310254082,0.15944466523512055,0.8250810765810281,1.0,-0.42741685995327405
WSPM,0.02914590312395434,-0.32608846605603165,-0.2507854046591864,-0.44087877789864494,0.26423104858847307,-0.08078167958065113,-0.42741685995327405,1.0
