,hour,PM2.5,PM10,NO2,O3,TEMP,DEWP,WSPM
hour,1.0,0.011444158507095337,0.04815244798375384,0.0007131890542022218,0.27887100295634093,0.1397620996770768,-0.004873760795418682,0.1275786843634605
PM2.5,0.011444158507095337,1.0,0.873613754513098,0.6791476988010536,-0.133538910535814,-0.11639617701248754,0.12574672520021837,-0.2799330401049657
PM10,0.04815244798375384,0.873613754513098,1.0,0.6472376132809253,-0.10211115724290065,-0.09932280015267836,0.05739867891962045,-0.16396042202164235
NO2,0.0007131890542022218,0.6791476988010536,0.6472376132809253,1.0,-0.4771025287621514,-0.2838847121374593,-0.015413396275171635,-0.41243751355107355
O3,0.27887100295634093,-0.133538910535814,-0.10211115724290065,-0.4771025287621514,1.0,0.6075318446553252,0.3352896067954414,0.28592996633324247
TEMP,0.1397620996770768,-0.11639617701248754,-0.09932280015267836,-0.2838847121374593,0.6075318446553252,1.0,0.822604110899756,0.011578395087658308
DEWP,-0.004873760795418682,0.12574672520021837,0.05739867891962045,-0.015413396275171635,0.3352896067954414,0.822604110899756,1.0,-0.31384960339734563
WSPM,0.1275786843634605,-0.2799330401049657,-0.16396042202164235,-0.41243751355107355,0.28592996633324247,0.011578395087658308,-0.31384960339734563,1.0
