column,min,max,mean,std
DEWP,-35.3,28.5,2.3013584713069846,13.823452536508253
NO2,1.8477,290.0,51.51285126165208,34.336453204110356
O3,0.2142,429.0,56.911663636500094,55.942409458114284
PM10,2.0,992.0,101.94736936909891,89.59153292259468
PM2.5,2.0,713.0,76.53117879283687,77.26451181442658
TEMP,-16.8,41.4,13.666883141088736,11.39697973005373
WSPM,0.0,11.2,1.7865053513261981,1.2610684910393135
hour,0.0,23.0,11.563983248022335,6.926547738772262
