column,min,max,mean,std
DEWP,-26.5,21.3,-0.5026907482491704,12.519907691795249
NO2,2.0,182.0,55.02020007371913,33.31546955318978
O3,0.2142,226.0,29.687359491338,32.44843458629504
PM10,2.0,655.0,94.41642093623295,79.23177962568667
PM2.5,3.0,420.0,73.69056395134537,74.8273311373466
TEMP,-9.6,31.6,10.230943604865463,8.95019825302389
WSPM,0.0,8.8,1.5717840029487653,1.3350607180552791
hour,0.0,23.0,11.612790269074825,6.856709484168813
