lhs,rhs,rule_label,lhs_length,total_pairs,antecedent_pairs,valid_pairs,violations,support,confidence,violation_rate,baseline_confidence,lift,interpretation
"station, PM2.5, NO2",PM10,"station, PM2.5, NO2 -> PM10",3,1124250,32799,17070,15729,0.029174116077384925,0.5204426964236715,0.47955730357632853,0.14715387664258056,3.5367243344038126,"Within one station, similar PM2.5 and NO2 should imply similar PM10."
"station, time_slot, PM2.5",PM10,"station, time_slot, PM2.5 -> PM10",3,1124250,21432,10224,11208,0.01906337558372248,0.47704367301231804,0.522956326987682,0.14792833146696527,3.224829674489024,"Within one station and time slot, similar PM2.5 should imply similar PM10."
"station, time_slot, NO2",O3,"station, time_slot, NO2 -> O3",3,1124250,30147,14255,15892,0.026815210140093394,0.4728497031213719,0.5271502968786281,0.2718977012638074,1.739072088228476,"Within one station and time slot, similar NO2 should imply similar O3."
"station, PM2.5",PM10,"station, PM2.5 -> PM10",2,1124250,82486,38466,44020,0.0733698020902824,0.46633368086705623,0.5336663191329438,0.14781053754576534,3.154942053591201,"Within one station, particulate measures should move coherently."
"station, hour, TEMP, WSPM",O3,"station, hour, TEMP, WSPM -> O3",4,1124250,5990,2647,3343,0.005327996442072493,0.4419031719532554,0.5580968280467447,0.2701168614357262,1.6359703337453646,"Within one station and similar hour, temperature and wind should imply similar O3."
"station, time_slot, TEMP, WSPM",O3,"station, time_slot, TEMP, WSPM -> O3",4,1124250,11529,4902,6627,0.010254836557705137,0.4251886546968514,0.5748113453031486,0.2691386937288577,1.5798124335299235,"Within one station and time slot, similar temperature and wind should imply similar O3."
"station, TEMP, DEWP, WSPM",PM2.5,"station, TEMP, DEWP, WSPM -> PM2.5",4,1124250,11011,1963,9048,0.009794084945519236,0.1782762691853601,0.8217237308146399,0.14667151030787395,1.2154798761609906,"Within one station, similar meteorological conditions should imply similar PM2.5."
