rule_label,lhs,rhs,support_mean,support_std,support_ci95_low,support_ci95_high,confidence_mean,confidence_std,confidence_ci95_low,confidence_ci95_high,lift_mean,lift_std,lift_ci95_low,lift_ci95_high,iterations
"station, PM2.5, NO2 -> PM10","station, PM2.5, NO2",PM10,0.03044462234081981,0.0020553254060926393,0.02698681343117634,0.03428719146097398,0.519925372054171,0.016263282341872354,0.4936107027027097,0.5497513239663927,3.40808314263348,0.1263418079966451,3.212785131919709,3.627982009462608,30
"station, time_slot, PM2.5 -> PM10","station, time_slot, PM2.5",PM10,0.019572574308798458,0.0009274847859050761,0.018333066488770294,0.021255614854347342,0.48469093261314833,0.014439790432395605,0.46440777347217643,0.5137784521469551,3.188099007081023,0.11642781135879691,3.002087826392646,3.4680227781408814,30
"station, PM2.5 -> PM10","station, PM2.5",PM10,0.07559291379438143,0.0035222987800025986,0.07033008672448299,0.08242163664665332,0.47157902088168674,0.01388876958601499,0.4516631801090337,0.495499707271127,3.0918574882387633,0.11009403013641311,2.93053034307167,3.2951373338472076,30
"station, time_slot, NO2 -> O3","station, time_slot, NO2",O3,0.02685731228226225,0.0006050387733838324,0.02590380253502335,0.027902023571269734,0.49554340271020786,0.015500501412650813,0.4665862860456254,0.5180362401835523,1.7745367491925481,0.0421183959174981,1.710141922867756,1.8538995622176555,30
"station, hour, TEMP, WSPM -> O3","station, hour, TEMP, WSPM",O3,0.005447068415981025,0.00018257737410714217,0.0051264843228819214,0.005800311318656882,0.4711894126018375,0.01801595237275443,0.4388239214676443,0.5055405372610559,1.6929171634229847,0.05416100234603566,1.599757380990676,1.794949288455198,30
"station, time_slot, TEMP, WSPM -> O3","station, time_slot, TEMP, WSPM",O3,0.01016594766881625,0.00038751844836921307,0.009442472759617522,0.010783255503669112,0.4506467257115254,0.01654529481537798,0.4227584078043826,0.47933583549124853,1.6125153814804905,0.04217969578648189,1.5435008174590403,1.6920727533524278,30
"station, TEMP, DEWP, WSPM -> PM2.5","station, TEMP, DEWP, WSPM",PM2.5,0.010226402787043213,0.0006126873445194831,0.009041516566599956,0.011164109406270847,0.20026886624237034,0.012751219486698776,0.17903453538303093,0.22190569312573152,1.3314106311393088,0.06396872134996157,1.2370893627782116,1.430274169926222,30
