rule_label,lhs,rhs,support_train,confidence_train,violation_rate_train,baseline_confidence_train,lift_train,support_test,confidence_test,violation_rate_test,baseline_confidence_test,lift_test,confidence_delta_test_minus_train,lift_delta_test_minus_train
"station, PM2.5, NO2 -> PM10","station, PM2.5, NO2",PM10,0.02731420947298199,0.4903282532239156,0.5096717467760844,0.14495896834701055,3.3825313384553173,0.04343494154550837,0.5776155388810023,0.42238446111899774,0.16543748169179118,3.4914430090098674,0.08728728565708666,0.10891167055455009
"station, time_slot, PM2.5 -> PM10","station, time_slot, PM2.5",PM10,0.01832777407160329,0.46173258917738413,0.5382674108226159,0.14444552293132734,3.1965863656217453,0.022779879322916412,0.524640171858217,0.475359828141783,0.1654092373791622,3.1717706953427363,0.06290758268083285,-0.024815670279008994
"station, PM2.5 -> PM10","station, PM2.5",PM10,0.07108917055814988,0.4419308826105453,0.5580691173894547,0.14515903005430295,3.0444601513610428,0.08732303385907304,0.5096894228937133,0.49031057710628667,0.16424496475045114,3.1032270832053825,0.06775854028316802,0.05876693184433979
"station, time_slot, NO2 -> O3","station, time_slot, NO2",O3,0.02662752946408717,0.4472207375734901,0.5527792624265099,0.2592630946018172,1.7249687552343038,0.026541128570519754,0.7322811416771148,0.2677188583228852,0.35537650269193893,2.0605783897645558,0.28506040410362465,0.33560963453025194
"station, hour, TEMP, WSPM -> O3","station, hour, TEMP, WSPM",O3,0.007366688903713587,0.4199468727360541,0.580053127263946,0.25795097802463174,1.6280103915556907,0.010242381830905273,0.5730530339225991,0.4269469660774009,0.35314381270903017,1.622718601599177,0.15310616118654502,-0.005291789956513693
"station, time_slot, TEMP, WSPM -> O3","station, time_slot, TEMP, WSPM",O3,0.01416321992439404,0.4070212899579225,0.5929787100420775,0.2587106700998556,1.5732682761048196,0.018644756223482606,0.5598950131233595,0.44010498687664046,0.35453018372703415,1.5792590837750597,0.15287372316543701,0.005990807670240184
"station, TEMP, DEWP, WSPM -> PM2.5","station, TEMP, DEWP, WSPM",PM2.5,0.014551923504558594,0.167359413202934,0.832640586797066,0.1422463325183374,1.1765464194400876,0.019055821715023954,0.25880842321520287,0.7411915767847972,0.17366204417051873,1.4902993020229505,0.09144901001226888,0.3137528825828628
