lhs,rhs,rule_label,lhs_length,total_pairs,antecedent_pairs,valid_pairs,violations,support,confidence,violation_rate,baseline_confidence,baseline_confidence_std,lift,interpretation
"station, PM2.5, NO2",PM10,"station, PM2.5, NO2 -> PM10",3,1124250,28258,13660,14598,0.025134978874805425,0.48340293014367613,0.5165970698563238,0.14727038950621651,0.004298588902730038,3.2824176792393893,"Within one station, similar PM2.5 and NO2 should imply similar PM10."
"station, time_slot, PM2.5",PM10,"station, time_slot, PM2.5 -> PM10",3,1124250,20750,9312,11438,0.018456748943740272,0.4487710843373494,0.5512289156626506,0.14675180722891565,0.0036906213728809716,3.058027650980264,"Within one station and time slot, similar PM2.5 should imply similar PM10."
"station, PM2.5",PM10,"station, PM2.5 -> PM10",2,1124250,82419,35738,46681,0.07331020680453636,0.4336136085126002,0.5663863914873998,0.1474672102306507,0.002946864895436605,2.9404069408676903,"Within one station, particulate measures should move coherently."
"station, hour, TEMP, WSPM",O3,"station, hour, TEMP, WSPM -> O3",4,1124250,4864,1340,3524,0.004326439848788081,0.2754934210526316,0.7245065789473684,0.16424753289473684,0.005337045921917301,1.6773062961572163,"Within one station and similar hour, temperature and wind should imply similar O3."
"station, time_slot, TEMP, WSPM",O3,"station, time_slot, TEMP, WSPM -> O3",4,1124250,9421,2516,6905,0.008379808761396487,0.2670629444857234,0.7329370555142767,0.16432084350564344,0.0037513142145203142,1.6252530037466084,"Within one station and time slot, similar temperature and wind should imply similar O3."
"station, time_slot, NO2",O3,"station, time_slot, NO2 -> O3",3,1124250,30729,7129,23600,0.02733288859239493,0.23199583455367895,0.768004165446321,0.1637627865100285,0.0022551451906083187,1.4166578347729322,"Within one station and time slot, similar NO2 should imply similar O3."
"station, TEMP, DEWP, WSPM",PM2.5,"station, TEMP, DEWP, WSPM -> PM2.5",4,1124250,7390,1121,6269,0.0065732710696019565,0.1516914749661705,0.8483085250338295,0.1463103292737934,0.004064450996204468,1.0367789869593367,"Within one station, similar meteorological conditions should imply similar PM2.5."
