rule_label,lhs,rhs,support_train,confidence_train,violation_rate_train,baseline_confidence_train,baseline_confidence_std_train,lift_train,support_test,confidence_test,violation_rate_test,baseline_confidence_test,baseline_confidence_std_test,lift_test,confidence_delta_test_minus_train,lift_delta_test_minus_train
"station, PM10, NO2, O3, TEMP -> WSPM","station, PM10, NO2, O3, TEMP",WSPM,0.0015987210231814548,0.8881789137380192,0.11182108626198084,0.7652822151224706,0.01588732011754862,1.160590036181464,0.002107587314331594,0.9365079365079365,0.06349206349206349,0.7950617283950618,0.031978377647422014,1.1779059449866902,0.04832902276991735,0.017315908805226154
"PM2.5, PM10, NO2, O3, TEMP -> WSPM","PM2.5, PM10, NO2, O3, TEMP",WSPM,0.001228410243051565,0.8731808731808732,0.12681912681912677,0.7637560637560639,0.019095784679023287,1.1432719353960619,0.0019403184798608324,0.9482758620689655,0.051724137931034475,0.8019157088122607,0.029631005825264838,1.182513139034878,0.0750949888880923,0.03924120363881611
"station, PM2.5, NO2, O3, TEMP -> WSPM","station, PM2.5, NO2, O3, TEMP",WSPM,0.001414842566841096,0.8664259927797834,0.13357400722021662,0.759416365824308,0.013868180129833247,1.1409103513845422,0.0016169320665506935,0.9517241379310345,0.0482758620689655,0.7935632183908046,0.04302966865695316,1.1993047508690615,0.08529814515125111,0.0583943994845193
"station, PM2.5, PM10, O3, TEMP -> WSPM","station, PM2.5, PM10, O3, TEMP",WSPM,0.0011671174242714455,0.8730853391684902,0.12691466083150982,0.7681619256017506,0.01653092853230825,1.1365902293120638,0.001650385833444846,0.9527027027027027,0.04729729729729726,0.8072072072072072,0.0275696283749538,1.1802455357142858,0.07961736353421256,0.04365530640222204
